round,agent_id,model,action,true_coop,B_eff,EU,real_reward,expected_other_coop,reason,action_changed
1,0,deepseek_v32,1,0.75,12.0,0.10000000000000053,6.0,0.5,"Start with moderate cooperation to build streak and reciprocate expected opponent behavior, balancing payoff incentives.",False
1,1,llama31_8b,0,1.0,12.0,-1.7999999999999998,1.0,0.5,Choose the most cooperative action to maximize payoff given the opponent's recent cooperation level and the current B_effective value.,False
2,0,deepseek_v32,0,1.0,12.855470861673233,4.626228863152249,4.855470861673233,0.9666101690758984,"Opponent is highly cooperative and payoff formula rewards high own cooperation when others cooperate, maximizing streak benefits.",True
2,1,llama31_8b,0,1.0,12.855470861673233,1.6616403228779193,4.855470861673233,0.7360010710371147,Choose the most cooperative action to maximize B_effective and maintain reciprocity with the opponent's mixed strategy.,False
3,0,deepseek_v32,0,1.0,13.664536588302957,5.4082800219633205,5.664536588302957,0.9666101690758984,"Opponent is fully cooperative and streak increases payoff, so full cooperation maximizes mutual benefit and streak continuation.",False
3,1,llama31_8b,0,1.0,13.664536588302957,3.581811831950046,5.664536588302957,0.8329453222506678,"The highest-ranked action aligns with the observed opponent's high cooperation level and is closest to the target cooperation level, maximizing payoff and reciprocity.",False
4,0,deepseek_v32,0,1.0,14.360029434106925,6.080550479236973,6.3600294341069255,0.9666101690758984,"Opponent is fully cooperative, and high cooperation maintains the streak to maximize payoff via increased B_eff.",False
4,1,llama31_8b,0,1.0,14.360029434106925,4.717515030649849,6.3600294341069255,0.8716914605285649,Cooperate to maximize payoff given high opponent cooperation and strong reciprocity pressure.,False
5,0,deepseek_v32,0,1.0,14.926233680595395,6.627849261666683,6.926233680595395,0.9666101690758984,"Opponent is fully cooperative, B_eff is high from a streak, and high cooperation maximizes mutual payoff and maintains beneficial streak.",False
5,1,llama31_8b,0,1.0,14.926233680595395,5.66616051890039,6.926233680595395,0.9021807380924801,"Higher cooperation is incentivized by the payoff formula, and the opponent's recent cooperation suggests a high likelihood of reciprocation.",False
6,0,deepseek_v32,0,1.0,15.378275927876691,7.064797894740706,7.378275927876691,0.9666101690758984,"Opponent is fully cooperative, and high streak enhances payoff from mutual cooperation, making full cooperation the optimal repeated-game response.",False
6,1,llama31_8b,0,1.0,15.378275927876691,6.783767431703446,7.378275927876691,0.948335658698059,Maintain cooperation to maximize payoff given opponent's cooperative history and high predicted target cooperation.,False
7,0,deepseek_v32,0,1.0,15.742843391248808,7.417192512150399,7.742843391248808,0.9666101690758984,"Opponent is fully cooperative and payoff formula rewards high cooperation due to streak bonus, so reciprocating maximizes long-term payoff.",False
7,1,llama31_8b,0,1.0,15.742843391248808,7.178944310521028,7.742843391248808,0.9514764225405165,The opponent is cooperative and the payoff formula suggests cooperation is beneficial in the long run.,False
8,0,deepseek_v32,0,1.0,16.045958926378102,7.710187070811258,8.045958926378102,0.9666101690758984,"Opponent is fully cooperative with high predicted reciprocity, and maintaining the high cooperation streak maximizes B_effective for higher payoff.",False
8,1,llama31_8b,0,1.0,16.045958926378102,7.502959530569943,8.045958926378102,0.9536955442041712,Higher cooperation is incentivized by higher B_effective and higher observed cooperation from the opponent.,False
9,0,deepseek_v32,0,1.0,16.30818795184048,7.963660313450055,8.30818795184048,0.9666101690758984,"Opponent is consistently cooperative, high streak increases B_eff, and full cooperation maximizes payoff given reciprocal incentives.",False
9,1,llama31_8b,0,1.0,16.30818795184048,7.779976427222972,8.30818795184048,0.9553468768714231,Maintain cooperation due to high predicted target cooperation and recent opponent cooperation.,False
10,0,deepseek_v32,0,1.0,16.55018674420059,8.197578807049425,8.550186744200591,0.9666101690758984,"Opponent is fully cooperative, and maintaining high cooperation sustains the streak, maximizing B_effective and long-term payoff.",False
10,1,llama31_8b,0,1.0,16.55018674420059,8.032300281355905,8.550186744200591,0.9566236638933248,"Highly cooperative opponent with a long streak of cooperation, and a strong payoff incentive to reciprocate and maintain cooperation.",False
11,0,deepseek_v32,0,1.0,16.775087372754022,8.414970041640732,8.775087372754022,0.9666101690758984,"Opponent is fully cooperative and high streak increases payoff benefit of cooperation, making full cooperation mutually optimal.",False
11,1,llama31_8b,0,1.0,16.775087372754022,8.264501044772608,8.775087372754022,0.9576403799162595,"The opponent's cooperative behavior and high predicted target cooperation suggest reciprocating with high cooperation, and the payoff formula supports this choice.",False
12,0,deepseek_v32,0,1.0,16.98928758681462,8.622018146769939,8.98928758681462,0.9666101690758984,Full cooperation maximizes payoff given high B_effective from streak and opponent's consistent full cooperation.,False
12,1,llama31_8b,0,1.0,16.98928758681462,8.622018146769939,8.98928758681462,0.9666101690758984,Cooperate to maintain the high payoff due to the opponent's cooperative history and to keep the streak and B_effective high.,False
13,0,deepseek_v32,0,1.0,17.196841824850782,8.822642183890494,9.196841824850782,0.9666101690758984,Full cooperation maximizes payoff given opponent's consistent full cooperation and streak-driven high B_effective.,False
13,1,llama31_8b,0,1.0,17.196841824850782,8.822642183890494,9.196841824850782,0.9666101690758984,Choosing the highest cooperation action due to the opponent's cooperative sticky behavior and high predicted target cooperation level.,False
14,0,deepseek_v32,0,1.0,17.400287508600602,9.01929485065767,9.400287508600602,0.9666101690758984,"Opponent is fully cooperative and streak is high, maximizing B_eff makes full cooperation mutually optimal for payoff.",False
14,1,llama31_8b,0,1.0,17.400287508600602,9.01929485065767,9.400287508600602,0.9666101690758984,Maintain cooperation due to high predicted target cooperation and low retaliation pressure.,False
15,0,deepseek_v32,0,1.0,17.601200611232315,9.213499498762072,9.601200611232315,0.9666101690758984,High B_effective and opponent's consistent full cooperation make full cooperation the payoff-maximizing repeated-game strategy.,False
15,1,llama31_8b,0,1.0,17.601200611232315,9.213499498762072,9.601200611232315,0.9666101690758984,Choose the most cooperative action due to the opponent's cooperative sticky behavior and the high expected true cooperation level.,False
16,0,deepseek_v32,0,1.0,17.800555410330993,9.406197874824937,9.800555410330993,0.9666101690758984,"Opponent is fully cooperative and high streak increases payoff, so full cooperation maximizes mutual benefit.",False
16,1,llama31_8b,0,1.0,17.800555410330993,9.406197874824937,9.800555410330993,0.9666101690758984,The opponent's cooperative sticky behavior and high predicted target cooperation justify choosing the most cooperative action to maintain reciprocity and maximize payoff.,False
17,0,deepseek_v32,0,1.0,17.998952483166043,9.59797050294219,9.998952483166043,0.9666101690758984,"Opponent is fully cooperative and high streak increases B_eff, making full cooperation mutually optimal.",False
17,1,llama31_8b,0,1.0,17.998952483166043,9.59797050294219,9.998952483166043,0.9666101690758984,Maintain cooperation given the opponent's cooperative sticky style and high predicted target cooperation.,False
18,0,deepseek_v32,0,1.0,18.19676138213436,9.789174596218668,10.196761382134358,0.9666101690758984,Full cooperation sustains the high streak and mutually beneficial payoff with an opponent consistently cooperating.,False
18,1,llama31_8b,0,1.0,18.19676138213436,9.789174596218668,10.196761382134358,0.9666101690758984,Maximize payoff by cooperating given the opponent's cooperative sticky style and high predicted target cooperation,False
19,0,deepseek_v32,0,1.0,14.694218750000003,6.4035812703757395,3.0206640625000016,0.9666101690758984,"Opponent is fully cooperative, and full cooperation maximizes mutual payoff given high B_effective and low cost.",False
19,1,llama31_8b,1,0.75,14.694218750000003,1.4747226704626168,8.694218750000003,0.5018791945276175,"Choose action 1 due to its high strategic score and moderate distance to the target cooperation level, balancing cooperation and retaliation pressure.",True
20,0,deepseek_v32,0,1.0,15.73206652399275,5.634067791071456,7.732066523992749,0.8539289972225423,Opponent is highly cooperative and sustained cooperation maximizes payoff via streak effect on B_eff.,False
20,1,llama31_8b,0,1.0,15.73206652399275,6.073782154433624,7.732066523992749,0.8818791945276176,"Higher B_eff due to recent streak increases payoff, and opponent's cooperative sticky behavior suggests reciprocation.",True
21,0,deepseek_v32,0,1.0,16.682217617351498,8.030240035081587,8.682217617351498,0.9489289972225423,"Opponent is highly cooperative and B_eff is high, so full cooperation maximizes payoff given strong reciprocity and streak benefits.",False
21,1,llama31_8b,0,1.0,16.682217617351498,6.9117006353243715,8.682217617351498,0.8818791945276176,Maintain cooperation to maximize payoff due to high B_effective and opponent's cooperative style.,False
22,0,deepseek_v32,0,1.0,17.38180857145233,8.694102177622447,9.381808571452328,0.9489289972225423,Opponent is highly cooperative and payoff formula with elevated B_effective rewards mutual full cooperation.,False
22,1,llama31_8b,0,1.0,17.38180857145233,8.341015531877002,9.381808571452328,0.9286154237359864,"Highest strategic score and closest to target cooperation level, with strong reciprocity and low retaliation pressure.",False
23,0,deepseek_v32,0,1.0,17.855978084834117,9.299605636936946,9.855978084834117,0.9576403799162595,Opponent is highly cooperative and streak benefits increase payoff with high cooperation.,False
23,1,llama31_8b,0,1.0,17.855978084834117,8.78133665546872,9.855978084834117,0.9286154237359864,"Higher cooperation is incentivized by the payoff formula and observed opponent behavior, which suggests a cooperative sticky style with a high reciprocity index.",False
24,0,deepseek_v32,0,1.0,18.181063649840674,9.610920700915116,10.181063649840674,0.9576403799162595,High B_effective from streak and opponent's consistent full cooperation make full cooperation mutually beneficial.,False
24,1,llama31_8b,0,1.0,18.181063649840674,9.083216125167734,10.181063649840674,0.9286154237359864,Higher B_effective and higher predicted target cooperation justify choosing action 0 for maximum cooperation.,False
25,0,deepseek_v32,0,1.0,18.39430595116825,9.815130139372673,10.39430595116825,0.9576403799162595,Opponent is highly cooperative and payoff incentives favor maintaining streak to increase B_effective.,False
25,1,llama31_8b,0,1.0,18.39430595116825,9.281236215173479,10.39430595116825,0.9286154237359864,Cooperate to maintain high B_effective and exploit opponent's cooperative sticky behavior.,False
26,0,deepseek_v32,0,1.0,18.53015826936483,9.945227804982952,10.53015826936483,0.9576403799162595,High streak and cooperative opponent make full cooperation payoff-optimal for sustaining mutual benefit.,False
26,1,llama31_8b,0,1.0,18.53015826936483,9.407390773201112,10.53015826936483,0.9286154237359864,"The highest-ranked action with the highest strategic score is 0, which aligns with the opponent's cooperative sticky style and the target cooperation level of 1.0, supported by the recent observed history and the payoff formula.",False
27,0,deepseek_v32,0,1.0,18.61510342528431,10.02657471636973,10.61510342528431,0.9576403799162595,"Opponent is highly cooperative and streak is high, maximizing B_eff, so full cooperation maximizes payoff.",False
27,1,llama31_8b,0,1.0,18.61510342528431,9.4862721551596,10.61510342528431,0.9286154237359864,Choose the most cooperative action to maximize payoff given the opponent's cooperative history and predicted target cooperation level.,False
28,0,deepseek_v32,0,1.0,18.667597930270553,10.076845574068273,10.667597930270553,0.9576403799162595,"Opponent is highly cooperative and streak increases payoff, so full cooperation maximizes mutual benefit.",False
28,1,llama31_8b,0,1.0,18.667597930270553,9.53501936215121,10.667597930270553,0.9286154237359864,Choose the most cooperative action due to the opponent's cooperative sticky behavior and high predicted target cooperation level.,False
29,0,deepseek_v32,0,1.0,18.69980361806786,10.10768704116595,10.699803618067861,0.9576403799162595,High B_eff and opponent's consistent full cooperation make full cooperation payoff-optimal and streak-sustaining.,False
29,1,llama31_8b,0,1.0,18.69980361806786,10.27542033694667,10.699803618067861,0.9666101690758984,Highly cooperative opponent's recent behavior and high B_effective payoff justify choosing the most cooperative action.,False
30,0,deepseek_v32,0,1.0,18.71947396713078,10.294433896380163,10.719473967130781,0.9666101690758984,"Opponent is fully cooperative, and maintaining high cooperation sustains the beneficial streak that increases payoff via higher B_effective.",False
30,1,llama31_8b,0,1.0,18.71947396713078,10.294433896380163,10.719473967130781,0.9666101690758984,Maximize payoff by choosing the action that is most cooperative given the opponent's cooperative history and the current payoff incentives.,False
31,0,deepseek_v32,0,1.0,18.73145532632524,10.306015200016876,10.73145532632524,0.9666101690758984,"Opponent is fully cooperative and high streak increases B_eff, so maximizing cooperation maximizes payoff.",False
31,1,llama31_8b,0,1.0,18.73145532632524,10.306015200016876,10.73145532632524,0.9666101690758984,Maintaining cooperation is most incentivized by the payoff formula and the opponent's cooperative behavior.,False
32,0,deepseek_v32,0,1.0,18.738741133074473,10.313057734910608,10.738741133074473,0.9666101690758984,Full cooperation maximizes payoff given opponent's consistent cooperation and high B_effective from streak.,False
32,1,llama31_8b,0,1.0,18.738741133074473,10.313057734910608,10.738741133074473,0.9666101690758984,"Given the high cooperation level of the opponent and the payoff incentives, choosing action 0 maximizes B_eff and minimizes C.",False
33,0,deepseek_v32,0,1.0,18.743167116041995,10.31733593505517,10.743167116041995,0.9666101690758984,High B_effective and opponent's consistent full cooperation make full cooperation payoff-maximizing and stable.,False
33,1,llama31_8b,0,1.0,18.743167116041995,10.31733593505517,10.743167116041995,0.9666101690758984,Maintain cooperation given the opponent's cooperative sticky behavior and high predicted target cooperation.,False
34,0,deepseek_v32,0,1.0,18.74585416022307,10.319933259285357,10.745854160223072,0.9666101690758984,"Full cooperation maintains high streak and B_eff, opponent is consistently cooperative, maximizing repeated payoff.",False
34,1,llama31_8b,0,1.0,18.74585416022307,10.319933259285357,10.745854160223072,0.9666101690758984,Choose the most cooperative action due to high predicted target cooperation and observed opponent cooperation.,False
35,0,deepseek_v32,0,1.0,18.747484874021502,10.321509523825771,10.747484874021502,0.9666101690758984,Maintain full cooperation to sustain high B_effective from long streak and reciprocate opponent's consistent cooperation.,False
35,1,llama31_8b,0,1.0,18.747484874021502,10.321509523825771,10.747484874021502,0.9666101690758984,Maintain cooperation to maximize B_effective and sustain the cooperative streak.,False
36,0,deepseek_v32,1,0.75,18.748474297664586,5.610275380102457,12.748474297664586,0.6139313096818891,Reciprocate opponent's recent defection slightly to maintain payoff while keeping high cooperation streak for boosted B_eff.,True
36,1,llama31_8b,0,1.0,18.748474297664586,10.3224659107807,6.06135572324844,0.9666101690758984,"Choose action 0 due to high predicted target cooperation and strong reciprocity from the opponent, which suggests a cooperative strategy is most likely to be reciprocated.",False
37,0,deepseek_v32,1,0.75,18.749074540680102,10.954130132176928,12.749074540680102,0.8989313096818892,Action 1 balances reciprocity with payoff maximization given high B_effective and opponent's strong cooperation.,False
37,1,llama31_8b,0,1.0,18.749074540680102,8.210378421373658,6.061805905510077,0.8539289972225423,Choose the most cooperative action to maximize payoff due to high B_effective and high predicted target cooperation.,False
38,0,deepseek_v32,1,0.75,18.74943865329367,10.954457444405516,12.74943865329367,0.8989313096818892,"High B_effective incentivizes sustaining cooperation streak, and opponent's high reciprocity supports matching recent cooperation.",False
38,1,llama31_8b,0,1.0,18.74943865329367,7.756235272136984,6.062078989970253,0.8296907208688222,Higher cooperation is incentivized by the payoff formula and the opponent's cooperative behavior.,False
39,0,deepseek_v32,0,1.0,18.74965951598473,9.799682989089561,10.749659515984732,0.938666804807054,"Opponent is highly cooperative, and maintaining high streak maximizes B_effective payoff.",True
39,1,llama31_8b,0,1.0,18.74965951598473,7.273438330775099,10.749659515984732,0.8039313096818891,Choose the most cooperative action to maximize payoff given the opponent's cooperative sticky behavior and the current B_effective.,False
40,0,deepseek_v32,0,1.0,18.74979348231664,9.799808738838287,10.74979348231664,0.938666804807054,"High streak increases B_eff, opponent is highly cooperative, and full cooperation maximizes mutual payoff in repeated game.",False
40,1,llama31_8b,0,1.0,18.74979348231664,9.320415613396491,10.74979348231664,0.9130988898380747,Maintain cooperation to maximize B_effective and reciprocate opponent's cooperative behavior.,False
41,0,deepseek_v32,0,1.0,18.74987473933614,9.799885012105147,10.74987473933614,0.938666804807054,"Opponent is highly cooperative and streak benefits increase payoff, so full cooperation maximizes mutual gains.",False
41,1,llama31_8b,0,1.0,18.74987473933614,9.589603543959004,10.74987473933614,0.9274517182494364,The highest-ranked action aligns with the opponent's predicted target cooperation level and maximizes the expected payoff.,False
42,0,deepseek_v32,0,1.0,18.749924025067646,9.799931274985262,10.749924025067646,0.938666804807054,"High streak increases payoff multiplier, opponent is highly cooperative, and full cooperation maximizes mutual benefit.",False
42,1,llama31_8b,0,1.0,18.749924025067646,9.799931274985266,10.749924025067646,0.9386668048070541,Choose action 0 due to high expected cooperation from opponent and high payoff for cooperation.,False
43,0,deepseek_v32,0,1.0,18.749953918690487,9.799959335136698,10.749953918690487,0.938666804807054,High B_effective from long streak and opponent's consistent cooperation make full cooperation mutually optimal.,False
43,1,llama31_8b,0,1.0,18.749953918690487,9.799959335136702,10.749953918690487,0.9386668048070541,"Given the opponent's cooperative sticky style, the high predicted target cooperation, and the payoff formula's dependence on average other cooperation, choosing action 0 maximizes the expected payoff by ensuring a high level of cooperation.",False
44,0,deepseek_v32,0,1.0,18.74997205020537,9.79997635458784,10.749972050205368,0.938666804807054,"Opponent is highly cooperative and streak is high, so full cooperation maximizes payoff via B_eff.",False
44,1,llama31_8b,0,1.0,18.74997205020537,9.79997635458784,10.749972050205368,0.9386668048070541,Choose the most cooperative action to maximize payoff given the opponent's cooperative history and the current B_effective.,False
45,0,deepseek_v32,0,1.0,18.749983047567767,9.799986677446864,10.749983047567767,0.938666804807054,"Opponent is highly cooperative and streak is high, maximizing B_eff, so full cooperation maximizes long-term payoff.",False
45,1,llama31_8b,0,1.0,18.749983047567767,9.799986677446867,10.749983047567767,0.9386668048070541,"Choose the action that maximizes the payoff, which is strongly influenced by the opponent's cooperative behavior and the effective benefit B_eff. The opponent's behavior suggests a high level of cooperation, and the current B_eff is high, indicating a strong payoff incentive to cooperate.",False
46,0,deepseek_v32,0,1.0,18.74998971782095,10.323930731314263,10.749989717820949,0.9666101690758984,High B_effective and opponent's sustained cooperation (cooperative_sticky style) make full cooperation payoff-maximizing and reciprocally stable.,False
46,1,llama31_8b,0,1.0,18.74998971782095,9.799992938592109,10.749989717820949,0.9386668048070541,"Given the opponent's cooperative sticky behavior and the high target cooperation level, choosing the most cooperative action maximizes the payoff by increasing B_effective and promoting reciprocity.",False
47,0,deepseek_v32,0,1.0,18.74999376353979,10.323934641947236,10.749993763539791,0.9666101690758984,"Opponent is fully cooperative and high streak boosts payoff, making full cooperation mutually optimal.",False
47,1,llama31_8b,0,1.0,18.74999376353979,9.981287686331004,10.749993763539791,0.948335658698059,Maintain cooperation due to high opponent cooperation and high predicted target cooperation.,False
48,0,deepseek_v32,0,1.0,18.74999621739444,10.323937013868093,10.74999621739444,0.9666101690758984,"Opponent is fully cooperative and high streak boosts payoff, so full cooperation maximizes repeated-game payoff.",False
48,1,llama31_8b,0,1.0,18.74999621739444,10.15575350105404,10.74999621739444,0.9576403799162595,Higher cooperation is incentivized by the current payoff parameters and the opponent's cooperative behavior.,False
49,0,deepseek_v32,0,1.0,18.749997705733296,10.323938452511566,10.749997705733296,0.9666101690758984,High streak and fully cooperative opponent make full cooperation payoff-maximizing and stable.,False
49,1,llama31_8b,0,1.0,18.749997705733296,10.323938452511566,10.749997705733296,0.9666101690758984,Maintain cooperation due to high expected opponent cooperation and strong reciprocity pressure.,False
50,0,deepseek_v32,0,1.0,18.749998608456735,10.323939325093225,10.749998608456735,0.9666101690758984,"High B_effective from long cooperative streak makes full cooperation mutually optimal, and opponent is consistently cooperative.",False
50,1,llama31_8b,0,1.0,18.749998608456735,10.323939325093225,10.749998608456735,0.9666101690758984,"Given the high cooperation level of the opponent, the strong payoff incentive to cooperate, and the recent observed cooperation history, it is strategically justified to choose the most cooperative action to maintain the cooperative equilibrium.",False
